RG_Sample_Code,Customer_Code,i5_Barcode_Seq,i7_Barcode_Seq,Sequence_Name,Sequencing_Cycles
UFL_014801_P001_WA01,4190,GATTGCTC,ACTTGGCT,RAPiD-Genomics_F188_UFL_014801_P001_WA01_i5-536_i7-97_S1_L002_R1_001.fastq,2x150
UFL_014801_P001_WA02,1119,GATTGCTC,TTACGTGC,RAPiD-Genomics_F188_UFL_014801_P001_WA02_i5-536_i7-98_S9_L002_R1_001.fastq,2x150
UFL_014801_P001_WA03,6015,GATTGCTC,ACGTCGTT,RAPiD-Genomics_F188_UFL_014801_P001_WA03_i5-536_i7-99_S17_L002_R1_001.fastq,2x150
UFL_014801_P001_WA04,4118,GATTGCTC,GAACGAAG,RAPiD-Genomics_F188_UFL_014801_P001_WA04_i5-536_i7-100_S25_L002_R1_001.fastq,2x150
UFL_014801_P001_WA05,4376a,GATTGCTC,CAATCAGG,RAPiD-Genomics_F188_UFL_014801_P001_WA05_i5-536_i7-101_S33_L002_R1_001.fastq,2x150
UFL_014801_P001_WB01,5506,GATTGCTC,ACCGAATG,RAPiD-Genomics_F188_UFL_014801_P001_WB01_i5-536_i7-109_S2_L002_R1_001.fastq,2x150
UFL_014801_P001_WB02,6024,GATTGCTC,GGCAAGTT,RAPiD-Genomics_F188_UFL_014801_P001_WB02_i5-536_i7-110_S10_L002_R1_001.fastq,2x150
UFL_014801_P001_WB03,4216,GATTGCTC,GCATAACG,RAPiD-Genomics_F188_UFL_014801_P001_WB03_i5-536_i7-111_S18_L002_R1_001.fastq,2x150
UFL_014801_P001_WB04,4220,GATTGCTC,CATCCAAG,RAPiD-Genomics_F188_UFL_014801_P001_WB04_i5-536_i7-112_S26_L002_R1_001.fastq,2x150
UFL_014801_P001_WB05,1081,GATTGCTC,CTCAGAAG,RAPiD-Genomics_F188_UFL_014801_P001_WB05_i5-536_i7-113_S34_L002_R1_001.fastq,2x150
UFL_014801_P001_WC01,1129,GATTGCTC,AACCACTC,RAPiD-Genomics_F188_UFL_014801_P001_WC01_i5-536_i7-121_S3_L002_R1_001.fastq,2x150
UFL_014801_P001_WC02,4223,GATTGCTC,GTCGTTAC,RAPiD-Genomics_F188_UFL_014801_P001_WC02_i5-536_i7-122_S11_L002_R1_001.fastq,2x150
UFL_014801_P001_WC03,4229,GATTGCTC,CGAGAGAA,RAPiD-Genomics_F188_UFL_014801_P001_WC03_i5-536_i7-123_S19_L002_R1_001.fastq,2x150
UFL_014801_P001_WC04,1043,GATTGCTC,TCGTGCAT,RAPiD-Genomics_F188_UFL_014801_P001_WC04_i5-536_i7-124_S27_L002_R1_001.fastq,2x150
UFL_014801_P001_WC05,6029,GATTGCTC,TCCAGCAA,RAPiD-Genomics_F188_UFL_014801_P001_WC05_i5-536_i7-125_S35_L002_R1_001.fastq,2x150
UFL_014801_P001_WD01,1130,GATTGCTC,TCTTCGAC,RAPiD-Genomics_F188_UFL_014801_P001_WD01_i5-536_i7-133_S4_L002_R1_001.fastq,2x150
UFL_014801_P001_WD02,2899a,GATTGCTC,CTCTATCG,RAPiD-Genomics_F188_UFL_014801_P001_WD02_i5-536_i7-134_S12_L002_R1_001.fastq,2x150
UFL_014801_P001_WD03,1116,GATTGCTC,GCTGTAAG,RAPiD-Genomics_F188_UFL_014801_P001_WD03_i5-536_i7-135_S20_L002_R1_001.fastq,2x150
UFL_014801_P001_WD04,6012,GATTGCTC,CTTCGGTT,RAPiD-Genomics_F188_UFL_014801_P001_WD04_i5-536_i7-136_S28_L002_R1_001.fastq,2x150
UFL_014801_P001_WD05,5502c,GATTGCTC,AGGTAGGA,RAPiD-Genomics_F188_UFL_014801_P001_WD05_i5-536_i7-137_S36_L002_R1_001.fastq,2x150
UFL_014801_P001_WE01,cord5,GATTGCTC,AACAGGTG,RAPiD-Genomics_F188_UFL_014801_P001_WE01_i5-536_i7-145_S5_L002_R1_001.fastq,2x150
UFL_014801_P001_WE02,4224,GATTGCTC,TCTAGGAG,RAPiD-Genomics_F188_UFL_014801_P001_WE02_i5-536_i7-146_S13_L002_R1_001.fastq,2x150
UFL_014801_P001_WE03,4110,GATTGCTC,GTAGTACC,RAPiD-Genomics_F188_UFL_014801_P001_WE03_i5-536_i7-147_S21_L002_R1_001.fastq,2x150
UFL_014801_P001_WE04,4207,GATTGCTC,GATGCTAC,RAPiD-Genomics_F188_UFL_014801_P001_WE04_i5-536_i7-148_S29_L002_R1_001.fastq,2x150
UFL_014801_P001_WE05,2003,GATTGCTC,CTCGTTCT,RAPiD-Genomics_F188_UFL_014801_P001_WE05_i5-536_i7-149_S37_L002_R1_001.fastq,2x150
UFL_014801_P001_WF01,4246,GATTGCTC,AAGTGCAG,RAPiD-Genomics_F188_UFL_014801_P001_WF01_i5-536_i7-157_S6_L002_R1_001.fastq,2x150
UFL_014801_P001_WF02,2897a,GATTGCTC,CGATTCTG,RAPiD-Genomics_F188_UFL_014801_P001_WF02_i5-536_i7-158_S14_L002_R1_001.fastq,2x150
UFL_014801_P001_WF03,1051,GATTGCTC,CGGAGTAT,RAPiD-Genomics_F188_UFL_014801_P001_WF03_i5-536_i7-159_S22_L002_R1_001.fastq,2x150
UFL_014801_P001_WF04,5504,GATTGCTC,GTGAGACT,RAPiD-Genomics_F188_UFL_014801_P001_WF04_i5-536_i7-160_S30_L002_R1_001.fastq,2x150
UFL_014801_P001_WF05,1059,GATTGCTC,GGTTGAAC,RAPiD-Genomics_F188_UFL_014801_P001_WF05_i5-536_i7-161_S38_L002_R1_001.fastq,2x150
UFL_014801_P001_WG01,cord3,GATTGCTC,ACTGCACT,RAPiD-Genomics_F188_UFL_014801_P001_WG01_i5-536_i7-169_S7_L002_R1_001.fastq,2x150
UFL_014801_P001_WG02,5500,GATTGCTC,CGTAGATG,RAPiD-Genomics_F188_UFL_014801_P001_WG02_i5-536_i7-170_S15_L002_R1_001.fastq,2x150
UFL_014801_P001_WG03,4505,GATTGCTC,GCAATTCC,RAPiD-Genomics_F188_UFL_014801_P001_WG03_i5-536_i7-171_S23_L002_R1_001.fastq,2x150
UFL_014801_P001_WG04,2025,GATTGCTC,AGTCTTGG,RAPiD-Genomics_F188_UFL_014801_P001_WG04_i5-536_i7-172_S31_L002_R1_001.fastq,2x150
UFL_014801_P001_WG05,4241,GATTGCTC,CATCTGCT,RAPiD-Genomics_F188_UFL_014801_P001_WG05_i5-536_i7-173_S39_L002_R1_001.fastq,2x150
UFL_014801_P001_WH01,1056,GATTGCTC,CTACATCC,RAPiD-Genomics_F188_UFL_014801_P001_WH01_i5-536_i7-181_S8_L002_R1_001.fastq,2x150
UFL_014801_P001_WH02,1128,GATTGCTC,AGTGCATC,RAPiD-Genomics_F188_UFL_014801_P001_WH02_i5-536_i7-182_S16_L002_R1_001.fastq,2x150
UFL_014801_P001_WH03,4112,GATTGCTC,TGCTGTGA,RAPiD-Genomics_F188_UFL_014801_P001_WH03_i5-536_i7-183_S24_L002_R1_001.fastq,2x150
UFL_014801_P001_WH04,4507,GATTGCTC,ACTGGTGT,RAPiD-Genomics_F188_UFL_014801_P001_WH04_i5-536_i7-184_S32_L002_R1_001.fastq,2x150
UFL_014801_P001_WH05,5509,GATTGCTC,CAACTTGG,RAPiD-Genomics_F188_UFL_014801_P001_WH05_i5-536_i7-185_S40_L002_R1_001.fastq,2x150